1,1,Jimbo,jimbo@dbmaster.com,Hooters123!,10/10/1990
2,2,Ethelin Ollington,eollington1@comsenz.com,tD9<K>\?1mrS,5/30/1989
3,3,Carroll Le Noire,cle2@amazon.co.jp,kN9)4yzh1TyIzx.0,7/30/2005
4,4,Barri Twinborough,btwinborough3@4shared.com,hC8)LC`rbnZfU5,10/15/1985
5,5,Corinna Broster,cbroster4@dell.com,wN8=2WX2@ht79x,10/15/1950
6,6,Sergio Glasspool,sglasspool5@1und1.de,pP2}Uu7uBVw(_,10/9/2011
7,7,Joanie Bennike,jbennike6@wikispaces.com,mZ1/q$ncB'q,1/5/1967
8,8,Beryle Mellsop,bmellsop7@parallels.com,oR3}0*)VrD+,8/7/2000
9,9,Liva Pachta,lpachta8@mysql.com,qP1~wIyZSf*kx,4/21/1955
10,10,Glenna Ewer,gewer9@chronoengine.com,vD4'/Q?k,9/6/1956
11,11,Arturo Lies,alies@de.vu,"wE0+I,)$I",4/16/2008
12,12,Ermengarde Sedgwick,esedgwick@gov.uk,"lQ7""D0cPH2kk?V)",4/1/1950
13,13,Chloette Padly,cpadly@mozilla.org,wA3+p@|0+,2/27/1975
14,14,Gracie Barz,gbarz@ftc.gov,vA6!tpGA32S,3/13/1986
15,15,Marc Duerdin,mdurdin@phpbb.com,"nO4""t2=D,(O=F",12/30/1997
16,16,Tildi Hexter,thexter@imageshack.us,"hY4?`6<8""w.hvgGF",3/27/1966
17,17,Drud Dring,ddring@bloglines.com,aW3.T)g#%,3/18/1991
18,18,Barbabas Targett,btar@uol.com.br,"oC2~091%f(Fx""mC",11/18/1967
19,19,Mart Rigler,mrig@opensource.org,tH9_Xqw/Y+26dC,9/10/1950
20,20,Karissa Palay,kpal@hao123.com,"eP1/D,+jHe=M4",1/31/2011
21,21,Tiffanie Sharman,tshar@comsenz.com,hF1$*~*(iY1,7/17/1982
22,22,Natal Vereker,nver@amazon.com,dO5=Pt~n{W,7/9/1973
23,23,Mikey Arundel,marundel@ustream.tv,qT1%pzVB0L0$m,9/28/2012
24,24,Marjory Richie,mrichbitch@topsy.com,mF1$9/jHG6r,6/16/1969
25,25,Cale Jakubowski,cjak@posterous.com,vL5`/#q@>r?(%t,8/6/2000
26,26,Briney Vannuccinii,hotpocket@google.com.hk,"zW8'qCB""'d",9/20/1995
27,27,Lanie Charley,longtrout@ox.ac.uk,nA8!*vM(,8/1/1984
28,28,Godfrey Keary,flimseyflopper@last.fm,"mH8#$ZJ%X}E*""w",1/24/2020
29,29,Dee dee D'Emanuele,fuckoff@hubpages.com,"kP6}dY)""A",8/24/1970
30,30,Daryn MacKowle,dongs@toplist.cz,xS5&NI3QfY|c,3/11/1984
31,31,Mercy Cousens,mcousensu@time.com,"rE2/mQb,pJ}D",10/18/1953
32,32,Shaylynn Slegg,ssleggv@netscape.com,aI9)Ajci0\wEj\,5/24/1969
33,33,Robinette Varley,rvarleyw@dropbox.com,lY2)DO'nxg,7/6/2021
34,34,Annabelle Tebbit,atebbitx@shinystat.com,iP0*RD/no+,9/13/1972
35,35,Devi Seyler,dseylery@census.gov,"mA6|J,3LO",12/10/1968
36,36,Judas Housbie,jhousbiez@webmd.com,qI4'%2p%Fl9VV,10/19/1954
37,37,Micheil Burdikin,mburdikin10@amazon.co.uk,vH6|?W}LG_BMB,1/2/1963
38,38,Aurthur Auten,aauten11@nih.gov,"qV8>7YJ<F<""AAsQ",9/19/1976
39,39,Lyon Doran,ldoran12@opera.com,"wB5@C&NLY""g",4/23/1999
40,40,Tate Skipsea,tskipsea13@wunderground.com,hZ5|8iDk@uc3wTE8,7/12/1991
41,41,Francis Redholls,fredholls14@wisc.edu,oL2_sjfF$e#)Z.,8/23/1986
42,42,Kimberly Shewsmith,kshewsmith15@house.gov,eV4$Df(w,1/20/1985
43,43,Sarene Piddock,spiddock16@google.co.jp,"iH1!f#&I3~N,cq",4/1/1996
44,44,Shara Dorey,sdorey17@seattletimes.com,yN3\.a2d,3/9/1974
45,45,Ruthy Brech,rbrech18@youtu.be,wZ8=*sgM}s25(>/,3/28/2013
46,46,Inness Siaspinski,isiaspinski19@is.gd,"dC0""b""RBE",1/6/2020
47,47,Brittan Janc,bjanc1a@nba.com,"jZ8~2/2~J,yX1}",2/20/1993
48,48,Monika Jedrzej,mjedrzej1b@123-reg.co.uk,eV1=9VKk.hAyq,10/26/1981
49,49,Jerrie Cancelier,jcancelier1c@ifeng.com,sA8=tNAMVl(pq),7/4/2017
50,50,Danya Balderston,dbalderston1d@parallels.com,zL5_+(=yKki+,2/11/1971
